"Дата i час операції","Деталі операції",MCC,"Сума в валюті картки (UAH)","Сума в валюті операції",Валюта,Курс,"Сума комісій (UAH)","Сума кешбеку (UAH)","Залишок після операції"
"27.09.2026 12:56:41","OPTYKA ZIR",8043,-419.52,-419.52,UAH,—,—,—,33577.90
"26.09.2026 12:53:28","АТБ",5411,-196.73,-196.73,UAH,—,—,—,33997.42
"25.09.2026 13:31:18","ENERHIIA KLUB",7997,-907.39,-907.39,UAH,—,—,—,34194.15
"24.09.2026 15:34:36","ZOOMAHAZYN LAPA",5995,-336.51,-336.51,UAH,—,—,—,35101.54
"23.09.2026 09:57:53","Нова пошта",4215,-85.36,-85.36,UAH,—,—,—,35438.05
"22.09.2026 22:54:07","Нова пошта",4215,-114.40,-114.40,UAH,—,—,—,35523.41
"22.09.2026 11:36:37","ZOOMAHAZYN LAPA",5995,-195.06,-195.06,UAH,—,—,—,35637.81
"21.09.2026 10:58:46","ENERHIIA KLUB",7997,-1094.76,-1094.76,UAH,—,—,—,35832.87
"20.09.2026 15:37:02","Виведення кешбеку",4829,2400.00,2400.00,UAH,—,—,—,36927.63
"19.09.2026 13:00:12","Uklon",4121,-115.43,-115.43,UAH,—,—,—,34527.63
"18.09.2026 12:34:10","ENERHIIA KLUB",7997,-949.80,-949.80,UAH,—,—,—,34643.06
"17.09.2026 14:23:22","LAVKA SMAKIV 24",5411,-515.50,-515.50,UAH,—,—,—,35592.86
"16.09.2026 19:45:18","Нова пошта",4215,-96.76,-96.76,UAH,—,—,—,36108.36
"15.09.2026 18:48:57","OPTYKA ZIR",8043,-938.38,-938.38,UAH,—,—,—,36205.12
"15.09.2026 02:43:21","Нова пошта",4215,-123.88,-123.88,UAH,—,—,—,37143.50
"14.09.2026 09:53:10","ENERHIIA KLUB",7997,-998.22,-998.22,UAH,—,—,—,37267.38
"13.09.2026 05:53:41","ENERHIIA KLUB",7997,-1052.56,-1052.56,UAH,—,—,—,38265.60
"11.09.2026 23:19:14","KVITKOVA LAVKA",5992,-675.33,-675.33,UAH,—,—,—,39318.16
"10.09.2026 20:15:35","Нова пошта",4215,-65.14,-65.14,UAH,—,—,—,39993.49
"10.09.2026 00:09:00","Uklon",4121,-151.56,-151.56,UAH,—,—,—,40058.63
"09.09.2026 11:31:24","Uklon",4121,-149.22,-149.22,UAH,—,—,—,40210.19
"08.09.2026 08:11:49","Сільпо",5411,-394.39,-394.39,UAH,—,—,—,40359.41
"07.09.2026 13:45:40","Сільпо",5411,-414.55,-414.55,UAH,—,—,—,40753.80
"07.09.2026 03:31:38","Зарплата ТОВ Приклад",,18500.00,18500.00,UAH,—,—,—,41168.35
"05.09.2026 23:54:13","Uklon",4121,-110.27,-110.27,UAH,—,—,—,22668.35
"04.09.2026 20:46:59","KNYHARNIA SLOVO",5942,-258.73,-258.73,UAH,—,—,—,22778.62
"04.09.2026 04:41:24","KNYHARNIA SLOVO",5942,-265.78,-265.78,UAH,—,—,—,23037.35
"03.09.2026 18:35:57","Сільпо",5411,-521.40,-521.40,UAH,—,—,—,23303.13
"02.09.2026 15:31:59","LAVKA SMAKIV 24",5411,-419.65,-419.65,UAH,—,—,—,23824.53
"02.09.2026 03:39:25","Uklon",4121,-105.82,-105.82,UAH,—,—,—,24244.18
